fase,modelo,Accuracy,Precision,Recall,F1,segundos
G,CatBoost,0.6394,0.64048,0.6439,0.64095,229.27
G,LightGBM,0.63893,0.63913,0.64289,0.64019,5.34
G,Gradient Boosting,0.63827,0.63977,0.643,0.63991,54.91
G,XGBoost,0.63723,0.63855,0.64141,0.63892,8.21
F,Stacking,0.63547,0.63518,0.64039,0.63634,17.52
F,Random Forest,0.63227,0.6318,0.63726,0.63303,14.25
F,Voting,0.63077,0.63095,0.63622,0.63163,8.44
F,Bagging,0.6305,0.63069,0.63533,0.63153,14.72
E,SVM kernel RBF,0.62623,0.62676,0.63142,0.62762,65.8
E,SVM lineal,0.62533,0.623,0.63298,0.62399,10.95
F,Extra Trees,0.62477,0.62171,0.63157,0.62343,16.34
F,Árbol de decisión,0.6178,0.61856,0.62171,0.61899,3.38
E,KNN,0.61357,0.61144,0.61753,0.6136,5.22
G,AdaBoost,0.6093,0.61965,0.6148,0.61315,7.24
E,Naive Bayes categórico,0.61013,0.6119,0.61939,0.61066,1.02
E,Naive Bayes gaussiano,0.5177,0.53336,0.54314,0.48213,1.92
