fase,modelo,MAE,RMSE,R2,MAPE_%,segundos
G,LightGBM,1.46508,1.86484,0.56255,41.98096,3.54
G,CatBoost,1.4664,1.86577,0.56212,42.11502,118.61
G,XGBoost,1.47285,1.87351,0.55848,42.32118,2.58
G,Gradient Boosting,1.49676,1.89577,0.54793,43.19449,37.9
F,Random Forest,1.5071,1.9038,0.54409,43.78785,10.58
F,Stacking,1.50388,1.90712,0.54249,43.22112,14.22
F,Bagging,1.50836,1.91351,0.53942,43.65329,12.86
F,Voting,1.51561,1.91926,0.53665,43.80687,6.7
E,SVR kernel RBF,1.51863,1.93738,0.52786,42.84414,54.3
F,Extra Trees,1.5449,1.94652,0.5234,44.9274,11.63
E,SVR lineal,1.53759,1.95194,0.52074,44.07648,8.05
F,Árbol de regresión,1.55066,1.96781,0.51291,44.69219,1.38
E,KNN regresión,1.57905,2.01005,0.49178,46.53625,5.23
G,AdaBoost,1.66427,2.06093,0.46572,51.92946,46.05
