fase,modelo,Accuracy,Precision,Recall,Recall_min,F1,ROC_AUC,PR_AUC,segundos
G,CatBoost,0.74713,0.90461,0.74726,0.74673,0.81844,0.81875,0.92914,67.0
G,LightGBM,0.7448,0.90529,0.74315,0.75011,0.81624,0.81874,0.92958,1.72
G,XGBoost,0.74713,0.90401,0.74787,0.74477,0.81856,0.8182,0.92913,2.56
G,Gradient Boosting,0.7445,0.90429,0.74372,0.74702,0.81618,0.81693,0.92875,21.59
F,Random Forest,0.74633,0.90338,0.74734,0.74308,0.81799,0.81621,0.92858,15.22
F,Stacking,0.7455,0.90427,0.7452,0.74645,0.81707,0.8149,0.92782,10.94
F,Bagging,0.75563,0.89802,0.76666,0.72019,0.82716,0.81465,0.92759,64.03
F,Voting blando,0.7453,0.90156,0.74769,0.7376,0.81745,0.81252,0.92618,5.8
F,Extra Trees,0.74383,0.90201,0.74507,0.73985,0.81606,0.81207,0.92694,16.81
E,SVM lineal,0.7508,0.89775,0.7598,0.72187,0.82304,0.81078,0.92607,3.83
F,Árbol · Gini,0.7444,0.89665,0.7515,0.72159,0.81768,0.80299,0.91914,2.27
F,Árbol · Entropía,0.74243,0.89591,0.74936,0.72019,0.81611,0.80217,0.91928,0.73
E,Naive Bayes categórico,0.75617,0.88775,0.77877,0.68352,0.8297,0.80166,0.9226,0.53
E,KNN,0.7223,0.90167,0.71374,0.74982,0.79677,0.7971,0.9149,5.22
E,SVM kernel RBF,0.74583,0.89478,0.75561,0.71443,0.81933,0.79657,0.91581,123.41
G,AdaBoost,0.7664,0.87813,0.80552,0.64068,0.84026,0.78542,0.90199,1.26
E,Naive Bayes gaussiano,0.75463,0.86886,0.79887,0.61245,0.8324,0.77405,0.90328,0.98
F,Voting duro,0.7411,0.90373,0.7393,0.74687,0.81329,0.76759,0.8829,7.76
