idep,viviendas,internet_real,internet_predicho,ieh_real,ieh_predicho,hacin_critico,sin_servicios,pct_rural,departamento,brecha_prediccion
5.0,291105,67.17,45.2,3.758966695865753,3.7909517332438223,13.32,49.86,58.65,Potosí,-21.97
8.0,118782,71.04,52.14,4.3638598440841205,4.393474568877629,18.66,39.29,29.2,Beni,-18.9
2.0,1039341,72.01,54.1,4.64670594155335,4.64899697129348,10.07,29.45,37.41,La Paz,-17.91
9.0,33214,72.56,49.82,4.516137773228157,4.4782136831931645,18.44,41.5,44.66,Pando,-22.74
1.0,177922,75.48,55.1,4.462489180652196,4.482638853207002,13.85,32.16,43.73,Chuquisaca,-20.38
4.0,185618,75.65,55.5,4.862130827829198,4.8466685130089,14.23,38.52,39.33,Oruro,-20.15
3.0,654331,78.99,59.87,5.0341677224523975,5.03172146654436,9.13,33.33,34.02,Cochabamba,-19.12
7.0,836363,82.45,66.85,5.621733625232106,5.607179310387295,14.07,9.48,17.88,Tarija,-15.6
6.0,155343,83.57,65.27,5.43568747867622,5.428071644399702,10.63,13.31,30.83,Santa Cruz,-18.3
