n,fecha,categoria,paso,variable,problema,accion,justificacion,valores_afectados,filas_antes,filas_despues,filas_eliminadas
1,2026-09-17 08:44:24,Universo,Filtro de viviendas particulares,v01_tipoviv,"Códigos 7-16: hoteles, hospitales, cuarteles, cárceles, calle",Conservar solo 1-6 (aplicado durante la lectura por trozos),No son hogares particulares; el INE los excluye de sus indicadores de vivienda,26715,4490488.0,4463773.0,26715
2,2026-09-17 08:44:24,Universo,Filtro de viviendas ocupadas,v02_condocup,"Códigos 3,4,5: para alquilar, en construcción, abandonada","Conservar solo 0,1,2 (aplicado durante la lectura por trozos)",Una vivienda desocupada no alberga hogar: no puede tener internet ni bienes. Sus campos están vacíos por diseño del cuestionario,338146,4463773.0,4125627.0,338146
3,2026-09-17 08:44:24,Universo,Viviendas con habitantes,tot_pers,Registros con cero personas pese a figurar como ocupadas,Conservar tot_pers ≥ 1 (aplicado durante la lectura por trozos),Coherencia con la condición de ocupación; sin habitantes no hay hogar que caracterizar,840062,4125627.0,3623711.0,501916
4,2026-09-17 08:45:19,Faltantes,Código 9 → NaN,"v18*, v19* (20 variables)",El valor 9 aparece como si fuera una categoría más,Convertir a NaN,El diccionario del INE lo define como 'Sin especificar': es un faltante codificado. Tratarlo como categoría haría que el modelo aprenda un patrón inexistente,2595659,,,0
5,2026-09-17 08:45:20,Objetivo,Eliminación de registros sin variable objetivo,v19e_f,Sin dato de acceso a internet tras recodificar el 9,Eliminar la fila,No se puede imputar aquello que el modelo debe aprender a predecir: generaría etiquetas sintéticas y una evaluación falsa,131692,3623711.0,3492019.0,131692
6,2026-09-17 08:46:05,Nulo estructural,v16_desague → categoría 0,v16_desague,Vacío en hogares que declararon no tener baño ni letrina,Crear la categoría 0 = 'No tiene baño / no aplica',"La pregunta 16 solo se formula a quien respondió sí en la 15. Imputar la moda asignaría alcantarillado a los hogares más precarios, invirtiendo el sentido de la variable",700816,,,0
7,2026-09-17 08:46:05,Nulo estructural,v20b_totemi → 0,v20b_totemi,Vacío en hogares que declararon no haber tenido emigrantes,Asignar el valor 0,"El vacío significa ausencia de emigrantes, no dato perdido. Imputar la mediana inventaría emigrantes inexistentes",3200203,,,0
8,2026-09-17 08:46:05,Nulo estructural,v21b_totfal → 0,v21b_totfal,Vacío en hogares que declararon no haber tenido fallecimientos,Asignar el valor 0,"El vacío significa ausencia de fallecimientos, no dato perdido. Imputar la mediana inventaría fallecimientos inexistentes",3156354,,,0
9,2026-09-17 08:46:27,Consistencia,Validación de rangos,15 variables,Valores fuera del rango declarado en el diccionario del INE,Convertir a NaN para imputación posterior,"Un valor imposible es un error de captura, no un caso extremo legítimo. Se marca como faltante en lugar de eliminar la fila completa, preservando el resto de la información del registro",0,,,0
10,2026-09-17 08:46:27,Atípicos,Valores atípicos legítimos,tot_pers,Hogares numerosos detectados por el método del RIC,CONSERVAR sin modificación,Un valor raro no es un error. Los hogares numerosos son reales y constituyen población objetivo del estudio; eliminarlos introduciría sesgo de selección,4854,,,0
11,2026-09-17 08:48:53,Imputación,Imputación de variables de bienes y TIC,19 variables v18*/v19*,Faltantes procedentes del código 9 'Sin especificar',Hot-deck por estrato área × departamento,Seleccionado experimentalmente: recupera el 81.7 % de los valores enmascarados y preserva la estructura territorial. KNN y MICE son inviables sobre millones de registros,7812,,,0
12,2026-09-17 08:50:12,Ingeniería,Variables derivadas,5 variables nuevas,El dataset no incluye indicadores compuestos,"Construir internet, ieh, nivel_equip, hacinamiento y sin_servicios",Los objetivos de modelado no existen como columnas: deben derivarse del cuestionario. El índice de equipamiento sigue el criterio del índice de riqueza de las encuestas DHS,5,,,0
13,2026-09-17 08:50:12,Fuga,Exclusión por fuga de información,"v19e_inetfijo, v19f_inetmovil, v19e_f, v19h_d, bienes, ids",Variables que contienen la respuesta que el modelo debe predecir,Marcar como excluidas del conjunto de predictoras,v19e_f se construye a partir de inetfijo e inetmovil; los bienes componen el ieh. Usarlos como predictores daría una precisión artificialmente perfecta sin valor predictivo real,7,,,0
