,con internet,con ieh
hacin_critico,-0.025,-0.1128
hacinamiento,-0.0128,-0.1257
idep,0.0587,0.09
pers_por_habitac,-0.0039,-0.1516
sin_servicios,-0.3331,-0.4691
tip_hog,0.1755,0.2413
tot_pers,0.1471,0.2103
urbrur,-0.3764,-0.4688
v01_tipoviv,0.0616,-0.0171
v03_pared,-0.2475,-0.3344
v04_revoq,-0.2265,-0.3544
v05_techo,-0.0037,0.0439
v06_piso,0.2618,0.2944
v07_aguapro,-0.2245,-0.3196
v08_aguadist,-0.2919,-0.442
v09_energia,-0.2977,-0.3957
v10_combus,-0.1895,-0.2191
v11_basura,-0.3497,-0.4657
v12_cocina,-0.1349,-0.3176
v13_habitac,0.17,0.435
v14_dormit,0.2055,0.4295
v15_servsan,-0.2841,-0.4573
v16_desague,0.0465,0.0347
v17_tenencia,0.1187,0.035
v20a_emi,-0.0078,-0.0272
v20b_totemi,0.0031,0.0161
v21a_fal,-0.0002,-0.0133
v21b_totfal,0.0009,0.0131
