idep,viviendas,internet,ieh,hacin_critico,sin_servicios,rural,personas,departamento,lat,lon,sin_internet
1.0,177922,75.48,4.462,13.85,32.16,43.73,3.21,Chuquisaca,-19.05,-65.26,24.52
2.0,1039341,72.01,4.647,10.07,29.45,37.41,2.79,La Paz,-16.5,-68.15,27.99
3.0,654331,78.99,5.034,9.13,33.33,34.02,2.95,Cochabamba,-17.39,-66.16,21.01
4.0,185618,75.65,4.862,14.23,38.52,39.33,2.94,Oruro,-17.97,-67.11,24.35
5.0,291105,67.17,3.759,13.32,49.86,58.65,2.8,Potosí,-19.58,-65.75,32.83
6.0,155343,83.57,5.436,10.63,13.31,30.83,3.27,Tarija,-21.53,-64.73,16.43
7.0,836363,82.45,5.622,14.07,9.48,17.88,3.5,Santa Cruz,-17.78,-63.18,17.55
8.0,118782,71.04,4.364,18.66,39.29,29.2,3.76,Beni,-14.83,-64.9,28.96
9.0,33214,72.56,4.516,18.44,41.5,44.66,3.67,Pando,-11.02,-68.77,27.44
